{"cameraMode":{"drawMode":0,"name":"Shaded","section":"Shading Mode"},"sceneLighting":false,"audioPlay":false,"sceneViewState":{"showFog":true,"showMaterialUpdate":false,"showSkybox":false,"showFlares":true,"showImageEffects":true,"showParticleSystems":true},"in2DMode":false,"pivot":{"x":407.92193603515627,"y":131.81942749023438,"z":228.0},"rotation":{"x":-0.02130703441798687,"y":0.009594704024493695,"z":-0.0002044320135610178,"w":-0.9997278451919556},"size":43.30126953125,"orthographic":false}